filename,split,Total,class_component_total,overall_component_total,foreground_pixels,class_pixels_total,mask_conflict_pixels,aligned_width,aligned_height,count_component_abs_diff,foreground_fraction
00001_20260212_161655_f00000093_t000003.100s.jpg,train,110,67,63,1595822,1595836,14,4320,7680,43,0.04809938030478395
00006_20260212_161655_f00000175_t000005.834s.jpg,train,172,106,78,2910400,2910403,3,4320,7680,66,0.08772183641975309
00007_20260212_161655_f00000198_t000006.601s.jpg,test,154,82,66,2968331,2968331,0,4320,7680,72,0.08946792414158951
00009_20260212_161655_f00000213_t000007.101s.jpg,train,180,105,78,2621282,2621289,7,4320,7680,75,0.07900758342978395
00019_20260212_161655_f00000327_t000010.901s.jpg,test,136,88,62,2776125,2776133,8,4320,7680,48,0.08367467809606481
00020_20260212_161655_f00000342_t000011.401s.jpg,train,123,77,55,2816799,2816804,5,4320,7680,46,0.08490062572337963
00022_20260212_161655_f00000367_t000012.235s.jpg,train,184,123,98,2340361,2340411,50,4320,7680,61,0.07054039472415123
00026_20260212_161655_f00000404_t000013.468s.jpg,train,177,124,105,2431760,2431776,16,4320,7680,53,0.07329523533950617
00031_20260212_161655_f00000461_t000015.368s.jpg,train,121,79,57,2778758,2778766,8,4320,7680,42,0.08375403886959877
00032_20260212_161655_f00000477_t000015.902s.jpg,train,125,73,53,2013789,2013789,0,4320,7680,52,0.06069724754050926
00034_20260212_161655_f00000544_t000018.135s.jpg,train,138,107,88,2229253,2229257,4,4320,7680,31,0.06719150872878087
00037_20260212_161655_f00000604_t000020.135s.jpg,train,113,87,74,1802061,1802067,6,4320,7680,26,0.054315592447916665
00039_20260212_161655_f00000639_t000021.302s.jpg,train,99,75,69,1123163,1123163,0,4320,7680,24,0.03385305145640432
00040_20260212_161655_f00000672_t000022.402s.jpg,val,132,79,69,2825542,2825546,4,4320,7680,53,0.08516414689429012
00041_20260212_161655_f00000707_t000023.569s.jpg,train,153,85,68,2628178,2628195,17,4320,7680,68,0.07921543451003087
00045_20260212_161655_f00000734_t000024.469s.jpg,val,209,113,85,2567521,2567533,12,4320,7680,96,0.07738718291859568
00054_20260212_161655_f00000813_t000027.103s.jpg,train,166,85,69,2172872,2172872,0,4320,7680,81,0.06549213927469136
00061_20260212_161655_f00000907_t000030.236s.jpg,train,193,127,104,2140813,2140834,21,4320,7680,66,0.06452585479359568
00082_20260212_161655_f00001136_t000037.870s.jpg,test,174,106,81,2495307,2495322,15,4320,7680,68,0.07521059389467592
00087_20260212_161655_f00001187_t000039.571s.jpg,train,177,136,111,1908433,1908445,12,4320,7680,41,0.05752173152970679
00095_20260212_161655_f00001253_t000041.771s.jpg,train,170,120,94,2304632,2304670,38,4320,7680,50,0.06946349344135802
00101_20260212_161655_f00001342_t000044.738s.jpg,train,143,105,90,1477160,1477188,28,4320,7680,38,0.044522810570987656
00104_20260212_161655_f00001388_t000046.271s.jpg,train,209,125,94,2970938,2970977,39,4320,7680,84,0.08954650125385802
00107_20260212_161655_f00001422_t000047.405s.jpg,train,202,138,110,2846841,2846861,20,4320,7680,64,0.08580611617476852
00116_20260212_161655_f00001505_t000050.172s.jpg,train,135,93,82,1457676,1457685,9,4320,7680,42,0.043935546875
00118_20260212_161655_f00001544_t000051.472s.jpg,train,88,48,43,1042762,1042763,1,4320,7680,40,0.03142969955632716
00124_20260212_161655_f00001622_t000054.072s.jpg,train,188,118,106,2324881,2324891,10,4320,7680,70,0.07007381486304012
00126_20260212_161655_f00001675_t000055.839s.jpg,train,117,70,50,2371806,2371809,3,4320,7680,47,0.07148817274305555
00127_20260212_161655_f00001703_t000056.772s.jpg,test,155,93,62,2738015,2738036,21,4320,7680,62,0.08252601152584876
00132_20260212_161655_f00001754_t000058.472s.jpg,train,181,103,77,3302464,3302478,14,4320,7680,78,0.09953896604938271
00133_20260212_161655_f00001767_t000058.906s.jpg,train,205,122,94,2864858,2864866,8,4320,7680,83,0.08634916329089506
00137_20260212_161655_f00001798_t000059.939s.jpg,val,227,155,132,2606820,2606822,2,4320,7680,72,0.07857168692129629
00140_20260212_161655_f00001835_t000061.173s.jpg,test,196,138,105,1760840,1760844,4,4320,7680,58,0.053073157793209876
00143_20260212_161655_f00001888_t000062.940s.jpg,train,159,115,89,2376329,2376332,3,4320,7680,44,0.07162449966242283
00148_20260212_161655_f00001963_t000065.440s.jpg,train,150,105,78,1856345,1856354,9,4320,7680,45,0.055951756606867284
00152_20260212_161655_f00002021_t000067.373s.jpg,val,206,138,122,2476918,2476944,26,4320,7680,68,0.07465633439429012
00153_20260212_161655_f00002032_t000067.740s.jpg,train,220,153,134,2493017,2493030,13,4320,7680,67,0.0751415714216821
00156_20260212_161655_f00002074_t000069.140s.jpg,train,184,136,120,2343347,2343353,6,4320,7680,48,0.07063039520640432
00170_20260212_161655_f00002257_t000075.241s.jpg,train,179,125,104,2499160,2499173,13,4320,7680,54,0.07532672646604938
00180_20260212_161655_f00002380_t000079.341s.jpg,val,120,73,63,2039995,2040012,17,4320,7680,47,0.06148711781442901
00182_20260212_161655_f00002407_t000080.241s.jpg,train,171,109,97,2512966,2512967,1,4320,7680,62,0.07574285059799382
00186_20260212_161655_f00002481_t000082.708s.jpg,train,312,187,164,3638991,3639007,16,4320,7680,125,0.10968216507523149
00212_20260212_161655_f00002773_t000092.443s.jpg,train,114,87,74,2607007,2607011,4,4320,7680,27,0.07857732325424382
00223_20260212_161655_f00002878_t000095.943s.jpg,test,143,110,95,2129672,2129672,0,4320,7680,33,0.06419005594135803
00224_20260212_161655_f00002903_t000096.776s.jpg,train,131,102,77,2151344,2151354,10,4320,7680,29,0.06484326774691358
00227_20260212_161655_f00002930_t000097.676s.jpg,test,171,129,90,2123518,2123524,6,4320,7680,42,0.06400456934799383
00234_20260212_161655_f00003033_t000101.110s.jpg,train,170,98,82,3004003,3004024,21,4320,7680,72,0.09054310739776235
00241_20260212_161655_f00003181_t000106.044s.jpg,train,172,113,96,2519234,2519236,2,4320,7680,59,0.07593177324459877
00246_20260212_161655_f00003255_t000108.511s.jpg,test,131,78,62,1801714,1801717,3,4320,7680,53,0.054305133584104937
00250_20260212_161655_f00003285_t000109.511s.jpg,train,155,109,87,2241439,2241459,20,4320,7680,46,0.06755880473572531
00256_20260212_161655_f00003358_t000111.944s.jpg,train,160,98,80,3111602,3111606,4,4320,7680,62,0.09378622926311729
00257_20260212_161655_f00003374_t000112.478s.jpg,test,172,117,88,2449170,2449171,1,4320,7680,55,0.07381998697916667
00258_20260212_161655_f00003411_t000113.711s.jpg,train,147,93,82,1402158,1402158,0,4320,7680,54,0.04226218894675926
00261_20260212_161655_f00003522_t000117.412s.jpg,train,226,126,114,4370021,4370033,12,4320,7680,100,0.131716007185571
00264_20260212_161655_f00003605_t000120.179s.jpg,train,156,88,82,2172671,2172673,2,4320,7680,68,0.06548608097029321
00266_20260212_161655_f00003639_t000121.312s.jpg,train,216,135,112,2849705,2849708,3,4320,7680,81,0.08589243947723765
00269_20260212_161655_f00003679_t000122.645s.jpg,val,206,118,103,2865194,2865221,27,4320,7680,88,0.08635929060570988
00271_20260212_161655_f00003695_t000123.179s.jpg,val,199,131,106,4940283,4940293,10,4320,7680,68,0.1489041702835648
00273_20260212_161655_f00003743_t000124.779s.jpg,train,147,79,56,3420777,3420810,33,4320,7680,68,0.10310501663773149
00274_20260212_161655_f00003752_t000125.079s.jpg,val,177,103,77,2965306,2965324,18,4320,7680,74,0.08937674816743828
00285_20260212_164110_f00000020_t000000.667s.jpg,train,128,97,80,2743505,2743506,1,4320,7680,31,0.08269148461612655
00287_20260212_164110_f00000047_t000001.567s.jpg,val,133,91,77,2715845,2715850,5,4320,7680,42,0.08185778959297839
00304_20260212_164110_f00000269_t000008.968s.jpg,train,175,124,112,2204476,2204478,2,4320,7680,51,0.06644470968364198
00312_20260212_164110_f00000406_t000013.535s.jpg,train,137,100,92,2511178,2511178,0,4320,7680,37,0.07568895881558642
00313_20260212_164110_f00000410_t000013.669s.jpg,train,124,97,85,2421096,2421112,16,4320,7680,27,0.0729738136574074
00321_20260212_164110_f00000473_t000015.769s.jpg,test,133,101,96,2454405,2454445,40,4320,7680,32,0.07397777416087963
00327_20260212_164110_f00000591_t000019.703s.jpg,train,96,63,52,1960003,1960028,25,4320,7680,33,0.05907609350887345
00335_dji_fly_20260217_111337_0_f00000144_t000004.800s.jpg,train,317,222,202,64020,64020,0,1280,720,95,0.06946614583333334
00366_dji_fly_20260217_111337_0_f00000506_t000016.866s.jpg,train,280,211,178,80170,80172,2,1280,720,69,0.08699001736111112
00389_dji_fly_20260217_111337_0_f00000781_t000026.033s.jpg,val,322,232,186,64363,64365,2,1280,720,90,0.06983832465277778
00406_dji_fly_20260217_111337_0_f00000989_t000032.966s.jpg,train,284,156,132,46353,46353,0,1280,720,128,0.05029622395833333
00416_dji_fly_20260217_111617_0_f00000115_t000003.833s.jpg,val,168,92,52,54183,54183,0,1280,720,76,0.05879231770833333
00435_dji_fly_20260217_111640_0_f00000137_t000004.567s.jpg,train,335,198,175,61605,61605,0,1280,720,137,0.066845703125
00456_dji_fly_20260217_111716_0_f00000234_t000007.800s.jpg,train,201,127,98,59914,59914,0,1280,720,74,0.06501085069444444
00491_dji_fly_20260217_113950_0_f00000230_t000007.667s.jpg,train,334,174,121,63848,63850,2,1280,720,160,0.0692795138888889
00497_dji_fly_20260217_113950_0_f00000301_t000010.033s.jpg,train,175,116,91,35426,35427,1,1280,720,59,0.03843967013888889
00529_dji_fly_20260217_113950_0_f00000710_t000023.666s.jpg,train,209,128,101,72599,72599,0,1280,720,81,0.07877495659722222
00531_dji_fly_20260217_113950_0_f00000724_t000024.133s.jpg,val,157,84,66,45293,45293,0,1280,720,73,0.04914605034722222
00532_dji_fly_20260217_113950_0_f00000738_t000024.600s.jpg,train,203,108,78,38948,38950,2,1280,720,95,0.04226128472222222
00543_dji_fly_20260217_113950_0_f00000946_t000031.533s.jpg,train,275,170,143,77883,77883,0,1280,720,105,0.08450846354166666
00549_dji_fly_20260217_113950_0_f00001021_t000034.033s.jpg,train,108,67,46,72462,72463,1,1280,720,41,0.07862630208333334
00572_dji_fly_20260217_114201_0_f00000209_t000006.967s.jpg,val,346,211,173,66703,66705,2,1280,720,135,0.07237738715277778
00587_dji_fly_20260217_114201_0_f00000392_t000013.067s.jpg,test,86,55,46,26336,26337,1,1280,720,31,0.028576388888888887
00611_dji_fly_20260217_114201_0_f00000658_t000021.933s.jpg,test,269,150,137,69479,69479,0,1280,720,119,0.07538953993055555
00625_dji_fly_20260217_114201_0_f00000835_t000027.833s.jpg,train,237,152,136,67337,67338,1,1280,720,85,0.07306532118055556
00630_dji_fly_20260217_114201_0_f00000907_t000030.233s.jpg,train,289,193,169,96116,96116,0,1280,720,96,0.10429253472222222
00669_dji_fly_20260217_114521_0_f00000372_t000012.400s.jpg,test,269,178,135,84506,84507,1,1280,720,91,0.09169487847222223
00696_dji_fly_20260217_114521_0_f00000715_t000023.833s.jpg,train,295,122,106,44303,44303,0,1280,720,173,0.048071831597222225
00735_dji_fly_20260217_114521_0_f00001233_t000041.100s.jpg,train,36,16,13,70766,70766,0,1280,720,20,0.07678602430555556
00751_dji_fly_20260217_114857_0_f00000115_t000003.833s.jpg,val,219,135,99,78162,78162,0,1280,720,84,0.08481119791666666
20260430_105255.jpg,train,51,52,52,415706,415707,0,3000,4000,1,0.03464216666666667
20260430_105303.jpg,train,16,16,16,121523,121523,0,3000,4000,0,0.010126916666666666
20260430_105310.jpg,train,25,24,24,724001,724018,0,3000,4000,1,0.06033341666666667
20260430_105327.jpg,train,29,30,30,638089,638090,0,3000,4000,1,0.05317408333333333
20260430_105336.jpg,train,28,29,29,905314,905320,0,3000,4000,1,0.07544283333333333
20260430_105341.jpg,train,9,9,9,623676,623676,0,3000,4000,0,0.051973
20260430_105347.jpg,test,51,51,51,282576,282576,0,3000,4000,0,0.023548
20260430_105410.jpg,train,112,113,113,417726,417727,0,4000,3000,1,0.0348105
20260430_105421.jpg,train,108,106,106,244101,244117,0,3000,4000,2,0.02034175
20260430_105427.jpg,train,45,46,46,419598,419598,0,3000,4000,1,0.0349665
20260430_105448.jpg,val,23,23,23,355576,355577,0,3000,4000,0,0.029631333333333332
20260430_105458.jpg,train,112,112,112,856531,856545,0,3000,4000,0,0.07137758333333333
20260430_105507.jpg,test,38,38,38,557546,557547,0,3000,4000,0,0.046462166666666666
20260430_105529.jpg,test,23,23,23,894347,894350,0,3000,4000,0,0.07452891666666667
20260430_105552.jpg,test,102,102,102,709787,709787,0,3000,4000,0,0.05914891666666667
20260430_105601.jpg,train,28,28,28,563601,563601,0,3000,4000,0,0.04696675
20260430_105607.jpg,test,33,33,33,413138,413138,0,3000,4000,0,0.03442816666666667
20260430_105615.jpg,train,45,47,47,691754,691754,0,3000,4000,2,0.057646166666666665
20260430_105630.jpg,train,32,32,32,582442,582442,0,3000,4000,0,0.048536833333333335
20260430_105642.jpg,train,10,10,10,379204,379204,0,3000,4000,0,0.031600333333333334
20260430_105656.jpg,train,21,21,21,99269,99269,0,3000,4000,0,0.008272416666666668
20260430_105703.jpg,train,21,21,21,310076,310076,0,3000,4000,0,0.025839666666666667
20260430_105707.jpg,test,33,33,33,477372,477373,0,3000,4000,0,0.039781
20260430_105715.jpg,train,13,13,13,157568,157568,0,3000,4000,0,0.013130666666666667
20260430_105727.jpg,train,29,29,29,1150803,1150807,0,3000,4000,0,0.09590025
20260430_105739.jpg,val,14,14,14,203856,203856,0,3000,4000,0,0.016988
20260430_105747.jpg,train,11,12,12,262523,262533,0,3000,4000,1,0.021876916666666666
20260430_105751.jpg,train,12,12,12,473562,473562,0,3000,4000,0,0.0394635
20260430_105759.jpg,val,19,19,19,672273,672273,0,3000,4000,0,0.05602275
20260430_105805.jpg,test,18,18,18,488698,488699,0,3000,4000,0,0.040724833333333335
20260430_105815.jpg,train,19,19,19,642874,642875,0,3000,4000,0,0.05357283333333333
20260430_105825.jpg,train,10,11,11,224896,224896,0,3000,4000,1,0.018741333333333332
20260430_105831.jpg,train,17,17,17,372342,372347,0,3000,4000,0,0.0310285
20260430_105836.jpg,train,33,33,33,302148,302152,0,3000,4000,0,0.025179
20260430_105845.jpg,train,30,30,30,233978,233978,0,3000,4000,0,0.019498166666666667
20260430_105849.jpg,train,10,10,10,293708,293714,0,3000,4000,0,0.024475666666666666
20260430_105850.jpg,train,5,5,5,159801,159801,0,3000,4000,0,0.01331675
20260430_105854.jpg,val,12,12,12,139084,139084,0,3000,4000,0,0.011590333333333333
20260430_105859.jpg,train,7,7,7,150554,150554,0,3000,4000,0,0.012546166666666667
20260430_105906.jpg,train,38,38,38,601910,601913,0,3000,4000,0,0.050159166666666664
20260430_105916.jpg,train,17,18,18,403548,403561,0,3000,4000,1,0.033629
20260430_105922.jpg,train,30,30,30,707148,707148,0,3000,4000,0,0.058929
20260430_105926.jpg,val,52,52,52,488223,488221,0,3000,4000,0,0.04068525
20260430_105930.jpg,train,49,49,49,565403,565404,0,3000,4000,0,0.04711691666666667
20260430_105937.jpg,test,53,53,53,840617,840621,0,3000,4000,0,0.07005141666666667
20260430_105941.jpg,train,21,22,22,263333,263333,0,3000,4000,1,0.021944416666666668
20260430_105946.jpg,train,44,44,44,623654,623654,0,3000,4000,0,0.051971166666666666
20260430_110000.jpg,train,14,14,14,232371,232374,0,3000,4000,0,0.01936425
20260430_110014.jpg,train,30,30,30,422454,422474,0,3000,4000,0,0.0352045
20260430_110019.jpg,train,37,37,37,317567,317582,0,3000,4000,0,0.026463916666666667
20260430_110022.jpg,train,40,40,40,498692,498720,0,3000,4000,0,0.041557666666666666
20260430_110027.jpg,train,13,13,13,341014,341014,0,3000,4000,0,0.028417833333333333
20260430_110031.jpg,val,22,22,22,275375,275375,0,3000,4000,0,0.022947916666666665
20260430_110035.jpg,train,23,23,23,361923,361931,0,3000,4000,0,0.03016025
20260430_110039.jpg,train,21,22,22,324328,324332,0,3000,4000,1,0.027027333333333334
20260430_110050.jpg,train,35,35,35,816194,816194,0,3000,4000,0,0.06801616666666667
20260430_110102.jpg,train,88,88,88,826172,826172,0,3000,4000,0,0.06884766666666667
20260430_110106.jpg,train,22,22,22,502003,502003,0,3000,4000,0,0.041833583333333334
20260430_110111.jpg,train,43,43,43,585943,585948,0,3000,4000,0,0.048828583333333335
20260430_110121.jpg,test,29,29,29,280848,280848,0,3000,4000,0,0.023404
20260430_110127.jpg,train,31,31,31,681216,681216,0,3000,4000,0,0.056768
20260430_110130.jpg,train,32,32,32,586133,586135,0,3000,4000,0,0.04884441666666667
20260430_110141.jpg,train,12,12,12,545441,545442,0,3000,4000,0,0.04545341666666667
20260430_110146.jpg,val,9,9,9,350681,350682,0,3000,4000,0,0.02922341666666667
20260430_110152.jpg,val,16,16,16,512512,512513,0,3000,4000,0,0.042709333333333335
20260430_110158.jpg,train,57,58,58,663402,663405,0,3000,4000,1,0.0552835
20260430_110204.jpg,train,27,27,27,533194,533194,0,3000,4000,0,0.04443283333333333
20260430_110206.jpg,train,20,20,20,206321,206321,0,3000,4000,0,0.017193416666666666
20260430_110212.jpg,train,30,31,31,393154,393160,0,3000,4000,1,0.03276283333333333
20260430_110222.jpg,val,17,17,17,576229,576229,0,3000,4000,0,0.04801908333333333
20260430_110238.jpg,train,9,9,9,138131,138131,0,3000,4000,0,0.011510916666666666
20260430_110243.jpg,train,6,6,6,174800,174806,0,3000,4000,0,0.014566666666666667
20260430_110250.jpg,train,106,107,107,576074,576096,0,3000,4000,1,0.04800616666666667
20260430_110309.jpg,test,38,38,38,375326,375326,0,3000,4000,0,0.03127716666666667
20260430_110312.jpg,train,19,20,20,577044,577053,0,3000,4000,1,0.048087
20260430_110315.jpg,train,13,13,13,219797,219799,0,3000,4000,0,0.01831641666666667
20260430_110322.jpg,train,22,23,23,583762,583762,0,3000,4000,1,0.048646833333333334
20260430_110332.jpg,train,20,20,20,480459,480459,0,3000,4000,0,0.04003825
20260430_110337.jpg,test,22,22,22,419750,419750,0,3000,4000,0,0.034979166666666665
20260430_110351.jpg,train,28,28,28,263284,263302,0,3000,4000,0,0.021940333333333333
20260430_110358.jpg,train,31,31,31,371291,371292,0,3000,4000,0,0.030940916666666665
20260430_110404.jpg,train,21,21,21,155766,155766,0,3000,4000,0,0.0129805
20260430_110410.jpg,train,10,11,11,252601,252601,0,3000,4000,1,0.021050083333333334
20260430_110416.jpg,train,43,43,43,352563,352564,0,3000,4000,0,0.02938025
20260430_110420.jpg,train,29,29,29,410608,410609,0,3000,4000,0,0.034217333333333336
20260430_110428.jpg,test,22,22,22,311596,311598,0,3000,4000,0,0.025966333333333334
20260430_110434.jpg,train,56,57,57,570802,570808,0,3000,4000,1,0.047566833333333336
20260430_110438.jpg,val,51,52,52,418942,418943,0,3000,4000,1,0.034911833333333336
20260430_110453.jpg,train,87,87,87,1186891,1186903,0,3000,4000,0,0.09890758333333333
20260430_110502.jpg,test,16,16,16,461690,461690,0,3000,4000,0,0.03847416666666666
20260430_110507.jpg,train,32,33,33,651934,651937,0,3000,4000,1,0.05432783333333333
20260430_110513.jpg,val,15,15,15,285316,285318,0,3000,4000,0,0.023776333333333333
20260430_110517.jpg,train,28,28,28,265211,265211,0,3000,4000,0,0.022100916666666668
20260430_110525.jpg,val,20,20,20,259530,259530,0,3000,4000,0,0.0216275
20260430_110529.jpg,train,16,17,17,262087,262093,0,3000,4000,1,0.021840583333333333
20260430_110609.jpg,train,20,20,20,442361,442363,0,3000,4000,0,0.03686341666666667
20260430_110616.jpg,train,24,24,24,543472,543462,0,3000,4000,0,0.045289333333333334
20260430_110621.jpg,train,28,28,28,576948,576952,0,3000,4000,0,0.048079
20260430_110635.jpg,test,30,30,30,794250,794254,0,3000,4000,0,0.0661875
20260430_110639.jpg,train,27,27,27,1341312,1341310,0,3000,4000,0,0.111776
20260430_110647.jpg,test,60,60,60,777529,777539,0,3000,4000,0,0.06479408333333334
20260430_110653.jpg,train,20,21,21,394754,394764,0,3000,4000,1,0.032896166666666664
20260430_110711.jpg,train,84,85,85,571243,571319,0,3000,4000,1,0.04760358333333333
20260430_110721.jpg,train,21,21,21,473583,473635,0,3000,4000,0,0.03946525
20260430_110726.jpg,train,18,18,18,397235,397263,0,3000,4000,0,0.03310291666666667
20260430_110732.jpg,train,42,42,42,756326,756339,0,3000,4000,0,0.06302716666666666
20260430_110740.jpg,test,30,30,30,262902,262925,0,3000,4000,0,0.0219085
20260430_110748.jpg,train,20,20,20,376553,376562,0,3000,4000,0,0.03137941666666667
20260430_110753.jpg,train,15,15,15,217054,217054,0,3000,4000,0,0.018087833333333334
20260430_110757.jpg,test,21,21,21,438310,438337,0,3000,4000,0,0.036525833333333334
20260430_110807.jpg,val,3,3,3,252060,252060,0,3000,4000,0,0.021005
20260430_110820.jpg,test,4,4,4,649606,649606,0,3000,4000,0,0.05413383333333333
20260430_110828.jpg,val,5,5,5,419556,419556,0,3000,4000,0,0.034963
20260430_110849.jpg,val,31,32,32,1039007,1039041,0,3000,4000,1,0.08658391666666666
20260430_110856.jpg,train,42,42,42,1081935,1081943,0,3000,4000,0,0.09016125
20260430_110912.jpg,train,108,108,108,1490431,1490528,0,3000,4000,0,0.12420258333333334
20260430_110924.jpg,train,48,48,48,484583,484597,0,3000,4000,0,0.04038191666666667
20260430_110938.jpg,train,62,63,63,548643,548665,0,3000,4000,1,0.04572025
20260430_110943.jpg,train,13,13,13,490842,490842,0,3000,4000,0,0.0409035
20260430_110949.jpg,train,12,12,12,201149,201149,0,3000,4000,0,0.016762416666666665
20260430_111000.jpg,train,61,61,61,725442,725486,0,3000,4000,0,0.0604535
20260430_111008.jpg,train,23,24,24,858071,858075,0,3000,4000,1,0.07150591666666667
20260430_111019.jpg,train,33,33,33,556115,556125,0,3000,4000,0,0.046342916666666664
20260430_111037.jpg,train,83,83,83,614306,614341,0,3000,4000,0,0.051192166666666664
20260430_111045.jpg,train,26,26,26,278943,278955,0,3000,4000,0,0.02324525
20260430_111052.jpg,test,10,11,11,195548,195548,0,3000,4000,1,0.016295666666666667
20260430_111103.jpg,train,33,33,33,365194,365196,0,3000,4000,0,0.030432833333333333
20260430_111109.jpg,test,36,35,35,651105,651130,0,3000,4000,1,0.05425875
20260430_111122.jpg,test,34,34,34,358964,358967,0,3000,4000,0,0.029913666666666668
20260430_111129.jpg,test,56,56,56,710329,710332,0,3000,4000,0,0.059194083333333335
20260430_111135.jpg,test,50,49,49,330923,330923,0,3000,4000,1,0.027576916666666666
20260430_111151.jpg,train,14,14,14,344013,344024,0,3000,4000,0,0.02866775
20260430_111203.jpg,test,10,10,10,253725,253725,0,3000,4000,0,0.02114375
20260430_111207.jpg,train,21,21,21,453717,453717,0,3000,4000,0,0.03780975
20260430_111211.jpg,train,4,4,4,123097,123097,0,3000,4000,0,0.010258083333333333
20260430_111220.jpg,train,24,25,25,351197,351199,0,3000,4000,1,0.029266416666666666
20260430_111227.jpg,train,7,7,7,204278,204281,0,3000,4000,0,0.017023166666666666
20260430_111242.jpg,train,28,28,28,386919,386930,0,3000,4000,0,0.03224325
20260430_111251.jpg,test,24,24,24,433841,433842,0,3000,4000,0,0.03615341666666667
20260430_111257.jpg,train,23,23,23,190836,190840,0,3000,4000,0,0.015903
20260430_111304.jpg,train,27,27,27,320387,320388,0,3000,4000,0,0.026698916666666666
20260430_111306.jpg,test,53,53,53,548617,548630,0,3000,4000,0,0.04571808333333333
20260430_111310.jpg,train,25,25,25,320119,320125,0,3000,4000,0,0.026676583333333333
20260430_111317.jpg,val,45,45,45,394918,394920,0,3000,4000,0,0.03290983333333333
20260430_111323.jpg,train,13,13,13,204808,204808,0,3000,4000,0,0.017067333333333334
20260430_111333.jpg,train,56,57,57,589501,589511,0,3000,4000,1,0.04912508333333333
20260430_111337.jpg,val,23,23,23,684407,684423,0,3000,4000,0,0.05703391666666666
20260430_111345.jpg,train,64,64,64,527763,527758,0,3000,4000,0,0.04398025
20260430_111350.jpg,train,16,16,16,254435,254435,0,3000,4000,0,0.021202916666666665
20260430_111358.jpg,train,50,49,49,519667,519667,0,3000,4000,1,0.043305583333333335
20260430_111410.jpg,train,26,27,27,465452,465461,0,3000,4000,1,0.038787666666666665
20260430_111420.jpg,val,32,32,32,239805,239808,0,3000,4000,0,0.01998375
20260430_111427.jpg,train,22,22,22,218540,218540,0,3000,4000,0,0.018211666666666668
20260430_111434.jpg,test,58,58,58,471294,471298,0,3000,4000,0,0.0392745
20260430_111438.jpg,train,40,41,41,308417,308442,0,3000,4000,1,0.025701416666666668
20260430_111443.jpg,train,16,16,16,337598,337599,0,3000,4000,0,0.028133166666666667
20260430_111459.jpg,train,6,6,6,118743,118743,0,3000,4000,0,0.00989525
20260430_111507.jpg,test,45,45,45,525683,525684,0,3000,4000,0,0.04380691666666667
20260430_111514.jpg,train,48,48,48,248617,248617,0,3000,4000,0,0.020718083333333335
20260430_111519.jpg,train,14,14,14,315931,315931,0,3000,4000,0,0.026327583333333335
20260430_111526.jpg,train,13,14,14,332276,332294,0,3000,4000,1,0.027689666666666668
20260430_111542.jpg,train,7,8,8,144092,144092,0,3000,4000,1,0.012007666666666666
20260430_111547.jpg,train,44,44,44,548308,548308,0,3000,4000,0,0.045692333333333335
20260430_111551.jpg,train,55,56,56,548905,548946,0,3000,4000,1,0.045742083333333336
20260430_111557.jpg,train,20,20,20,361405,361409,0,3000,4000,0,0.030117083333333333
20260430_111612.jpg,train,32,32,32,591701,591709,0,3000,4000,0,0.04930841666666667
20260430_111622.jpg,train,63,63,63,270835,270839,0,3000,4000,0,0.022569583333333334
20260430_111630.jpg,test,60,60,60,239934,239934,0,3000,4000,0,0.0199945
20260430_111634.jpg,val,55,55,55,293394,293395,0,3000,4000,0,0.0244495
20260430_111640.jpg,train,61,61,61,433383,433383,0,3000,4000,0,0.03611525
20260430_111646.jpg,train,76,76,76,543426,543433,0,3000,4000,0,0.0452855
20260430_111654.jpg,train,10,10,10,125283,125283,0,3000,4000,0,0.01044025
20260430_111835.jpg,train,56,56,56,576577,576581,0,3000,4000,0,0.04804808333333333
20260430_111848.jpg,train,45,45,45,218447,218447,0,3000,4000,0,0.018203916666666667
20260430_111856.jpg,train,11,11,11,153816,153816,0,3000,4000,0,0.012818
20260430_111902.jpg,val,9,9,9,150877,150877,0,3000,4000,0,0.012573083333333334
20260430_111911.jpg,val,13,15,15,292780,292780,0,3000,4000,2,0.024398333333333334
20260430_111919.jpg,test,3,3,3,453756,453756,0,3000,4000,0,0.037813
20260430_111935.jpg,train,33,35,35,607871,607872,0,3000,4000,2,0.05065591666666667
20260430_111941.jpg,test,5,5,5,67504,67504,0,3000,4000,0,0.005625333333333334
20260430_111947.jpg,train,12,13,13,203810,203818,0,3000,4000,1,0.016984166666666668
20260430_111952.jpg,test,24,26,26,316522,316527,0,3000,4000,2,0.026376833333333332
20260430_111958.jpg,train,29,29,29,443561,443561,0,3000,4000,0,0.036963416666666665
20260430_112006.jpg,train,19,19,19,393958,393958,0,3000,4000,0,0.032829833333333336
20260430_112011.jpg,train,25,25,25,279402,279402,0,3000,4000,0,0.0232835
20260430_112017.jpg,train,8,8,8,194483,194483,0,3000,4000,0,0.016206916666666668
20260430_112021.jpg,train,11,11,11,150890,150890,0,3000,4000,0,0.012574166666666668
20260430_112030.jpg,train,4,5,5,128153,128153,0,3000,4000,1,0.010679416666666667
20260430_112042.jpg,train,30,30,30,330607,330607,0,3000,4000,0,0.027550583333333333
20260430_112049.jpg,test,23,24,24,305240,305240,0,3000,4000,1,0.025436666666666666
20260430_112057.jpg,train,26,28,28,393812,393812,0,3000,4000,2,0.03281766666666667
20260430_112103.jpg,test,23,23,23,353444,353444,0,3000,4000,0,0.029453666666666666
20260430_112115.jpg,train,18,18,18,322790,322790,0,3000,4000,0,0.026899166666666665
20260430_112122.jpg,train,52,52,52,393182,393182,0,3000,4000,0,0.032765166666666665
20260430_112131.jpg,train,18,18,18,263231,263231,0,3000,4000,0,0.021935916666666666
20260430_112141.jpg,train,28,28,28,715809,715809,0,3000,4000,0,0.05965075
20260430_112152.jpg,val,17,17,17,322010,322027,0,3000,4000,0,0.026834166666666666
20260430_112205.jpg,train,31,31,31,574784,574784,0,3000,4000,0,0.047898666666666666
20260430_112209.jpg,train,16,17,17,254330,254335,0,3000,4000,1,0.021194166666666667
20260430_112217.jpg,val,38,39,39,213835,213835,0,3000,4000,1,0.017819583333333333
20260430_112229.jpg,train,24,24,24,246968,246968,0,3000,4000,0,0.020580666666666667
20260430_112235.jpg,train,67,67,67,408906,408920,0,3000,4000,0,0.0340755
20260430_112241.jpg,test,40,40,40,116289,116289,0,3000,4000,0,0.00969075
20260430_112251.jpg,train,21,21,21,124360,124360,0,3000,4000,0,0.010363333333333334
20260430_112314.jpg,test,61,61,61,481809,481813,0,3000,4000,0,0.04015075
20260430_112322.jpg,train,29,29,29,627444,627444,0,3000,4000,0,0.052287
20260430_112350.jpg,train,51,52,52,304439,304445,0,3000,4000,1,0.025369916666666666
20260430_112407.jpg,train,22,22,22,201892,201894,0,3000,4000,0,0.016824333333333334
20260430_112417.jpg,train,65,64,64,205092,205092,0,3000,4000,1,0.017091
20260430_112440.jpg,train,29,29,29,260956,260958,0,3000,4000,0,0.021746333333333333
20260430_112442.jpg,train,10,10,10,153600,153610,0,3000,4000,0,0.0128
20260430_112446.jpg,train,49,50,50,663290,663303,0,3000,4000,1,0.055274166666666666
20260430_112502.jpg,test,142,140,140,279301,279306,0,3000,4000,2,0.02327508333333333
20260430_112512.jpg,train,52,52,52,378225,378232,0,3000,4000,0,0.03151875
20260430_112536.jpg,test,13,13,13,210268,210268,0,3000,4000,0,0.017522333333333334
20260430_112541.jpg,train,38,38,38,250125,250125,0,3000,4000,0,0.02084375
20260430_112550.jpg,val,40,40,40,509621,509621,0,3000,4000,0,0.04246841666666667
20260430_112556.jpg,train,42,44,44,559544,559686,0,3000,4000,2,0.046628666666666665
20260430_112608.jpg,train,38,38,38,649113,649116,0,3000,4000,0,0.05409275
20260430_112620.jpg,val,24,25,25,440139,440139,0,3000,4000,1,0.03667825
20260430_112629.jpg,train,72,72,72,600802,600808,0,3000,4000,0,0.05006683333333333
20260430_112636.jpg,train,26,26,26,699180,699181,0,3000,4000,0,0.058265
20260430_112652.jpg,val,46,46,46,276362,276368,0,3000,4000,0,0.023030166666666668
20260430_112656.jpg,val,14,14,14,139647,139647,0,3000,4000,0,0.01163725
20260430_112705.jpg,train,46,46,46,728606,728608,0,3000,4000,0,0.06071716666666667
20260430_112710.jpg,train,57,57,57,282407,282409,0,3000,4000,0,0.023533916666666668
20260430_112718.jpg,train,37,37,37,1043144,1043148,0,3000,4000,0,0.08692866666666667
20260430_112726.jpg,train,22,22,22,349288,349288,0,3000,4000,0,0.029107333333333332
20260430_112735.jpg,train,23,23,23,307049,307051,0,3000,4000,0,0.025587416666666668
20260430_112749.jpg,train,86,86,86,632737,632737,0,3000,4000,0,0.052728083333333335
20260430_112759.jpg,train,44,44,44,979674,979695,0,3000,4000,0,0.0816395
20260430_112857.jpg,val,17,17,17,178690,178690,0,3000,4000,0,0.014890833333333334
20260430_112911.jpg,train,26,26,26,391318,391334,0,3000,4000,0,0.03260983333333333
20260430_112919.jpg,train,45,46,46,447354,447355,0,3000,4000,1,0.0372795
20260430_112924.jpg,train,63,64,64,493066,493066,0,3000,4000,1,0.04108883333333333
20260430_112937.jpg,train,58,59,59,647378,647379,0,3000,4000,1,0.053948166666666665
20260430_112940.jpg,train,39,40,40,261275,261275,0,3000,4000,1,0.021772916666666666
20260430_112951.jpg,train,30,30,30,436055,436057,0,3000,4000,0,0.036337916666666664
20260430_112956.jpg,train,43,42,42,375947,375947,0,3000,4000,1,0.031328916666666665
20260430_113001.jpg,val,57,57,57,698289,698300,0,3000,4000,0,0.05819075
20260430_113006.jpg,train,15,15,15,266725,266725,0,3000,4000,0,0.022227083333333335
20260430_113011.jpg,train,34,34,34,271076,271076,0,3000,4000,0,0.022589666666666668
20260430_113017.jpg,val,21,21,21,343779,343781,0,3000,4000,0,0.02864825
20260430_113027.jpg,train,56,56,56,575128,575129,0,3000,4000,0,0.047927333333333336
20260430_113032.jpg,test,18,18,18,257608,257608,0,3000,4000,0,0.021467333333333335
20260430_113036.jpg,train,64,66,66,566972,566991,0,3000,4000,2,0.04724766666666667
20260430_113041.jpg,train,28,28,28,249930,249932,0,3000,4000,0,0.0208275
20260430_113050.jpg,val,22,22,22,686766,686767,0,3000,4000,0,0.0572305
20260430_113059.jpg,train,23,24,24,378734,378734,0,3000,4000,1,0.03156116666666667
20260430_113107.jpg,test,37,37,37,463974,463974,0,3000,4000,0,0.0386645
20260430_113116.jpg,train,20,20,20,242602,242607,0,3000,4000,0,0.020216833333333333
20260430_113123.jpg,train,51,52,52,561460,561489,0,3000,4000,1,0.046788333333333335
20260430_113132.jpg,train,9,9,9,159249,159249,0,3000,4000,0,0.01327075
20260430_113137.jpg,val,9,9,9,225364,225364,0,3000,4000,0,0.018780333333333333
20260430_113145.jpg,train,25,25,25,228272,228272,0,3000,4000,0,0.019022666666666667
20260430_113156.jpg,train,35,36,36,274724,274724,0,3000,4000,1,0.022893666666666666
20260430_113204.jpg,train,36,36,36,418825,418825,0,3000,4000,0,0.034902083333333334
20260430_113208.jpg,train,7,7,7,132473,132473,0,3000,4000,0,0.011039416666666666
20260430_113215.jpg,train,18,18,18,223866,223869,0,3000,4000,0,0.0186555
20260430_113220.jpg,train,34,33,33,328657,328661,0,3000,4000,1,0.027388083333333334
20260430_113229.jpg,test,56,54,54,699575,699584,0,3000,4000,2,0.058297916666666665
20260430_113241.jpg,train,21,21,21,657740,657745,0,3000,4000,0,0.05481166666666667
20260430_113247.jpg,val,19,19,19,379429,379432,0,3000,4000,0,0.03161908333333333
20260430_113251.jpg,test,13,13,13,160940,160940,0,3000,4000,0,0.013411666666666667
20260430_113303.jpg,train,38,36,36,347547,347547,0,3000,4000,2,0.02896225
20260430_113312.jpg,train,22,22,22,297640,297645,0,3000,4000,0,0.024803333333333333
20260430_113322.jpg,train,29,28,29,572806,585972,12732,3000,4000,1,0.047733833333333336
20260430_113329.jpg,train,66,66,66,648728,648728,0,3000,4000,0,0.05406066666666667
20260430_113338.jpg,val,23,23,23,739716,739723,0,3000,4000,0,0.061643
20260430_113345.jpg,test,11,11,11,191213,191213,0,3000,4000,0,0.015934416666666666
20260430_113355.jpg,train,11,11,11,396044,396057,0,3000,4000,0,0.03300366666666667
20260430_113403.jpg,train,14,14,14,232560,232560,0,3000,4000,0,0.01938
20260430_113422.jpg,val,27,27,27,203300,203301,0,3000,4000,0,0.016941666666666667
20260430_113430.jpg,train,15,15,15,174080,174084,0,3000,4000,0,0.014506666666666666
20260430_113433.jpg,val,3,3,3,60086,60086,0,3000,4000,0,0.005007166666666667
20260430_113450.jpg,train,7,7,7,173347,173347,0,3000,4000,0,0.014445583333333333
20260430_113459.jpg,train,19,21,21,202176,202178,0,3000,4000,2,0.016848
20260430_113507.jpg,test,16,16,16,207163,207163,0,3000,4000,0,0.017263583333333332
20260430_113520.jpg,train,79,74,74,506196,506196,0,3000,4000,5,0.042183
20260430_113531.jpg,train,18,18,18,261833,261833,0,3000,4000,0,0.021819416666666668
20260430_113540.jpg,train,89,91,91,588134,588137,0,3000,4000,2,0.04901116666666667
20260430_113552.jpg,train,86,87,87,454381,454381,0,3000,4000,1,0.037865083333333334
20260430_113555.jpg,train,143,142,142,357601,357601,0,3000,4000,1,0.029800083333333335
20260430_113601.jpg,train,12,12,12,237440,237440,0,3000,4000,0,0.019786666666666668
20260430_113610.jpg,train,30,30,30,478872,478873,0,3000,4000,0,0.039906
20260430_113615.jpg,train,20,20,20,312748,312748,0,3000,4000,0,0.026062333333333333
20260430_113623.jpg,train,25,25,25,273241,273241,0,3000,4000,0,0.022770083333333333
20260430_113627.jpg,test,44,45,45,601993,601994,0,3000,4000,1,0.05016608333333333
20260430_113639.jpg,train,91,91,91,801004,810223,8305,3000,4000,0,0.06675033333333333
20260430_113648.jpg,train,62,61,61,593450,593452,0,3000,4000,1,0.04945416666666667
20260430_113652.jpg,train,63,64,64,339183,339187,0,3000,4000,1,0.02826525
20260430_113659.jpg,train,11,11,11,160548,160550,0,3000,4000,0,0.013379
20260430_113708.jpg,val,17,17,17,397760,397760,0,3000,4000,0,0.033146666666666665
20260430_113713.jpg,train,20,20,20,121299,121299,0,3000,4000,0,0.01010825
20260430_113718.jpg,train,25,26,26,517630,517636,0,3000,4000,1,0.04313583333333333
20260430_113730.jpg,test,51,53,53,436704,436710,0,3000,4000,2,0.036392
20260430_113736.jpg,train,44,45,45,303961,303961,0,3000,4000,1,0.025330083333333333
20260430_113740.jpg,val,38,38,38,591918,591939,0,3000,4000,0,0.0493265
20260430_113746.jpg,train,34,34,34,732854,732862,0,3000,4000,0,0.06107116666666667
20260430_113756.jpg,train,60,60,60,670298,670306,0,3000,4000,0,0.05585816666666667
20260430_113803.jpg,train,37,38,38,801874,801874,0,3000,4000,1,0.06682283333333333
20260430_113810.jpg,val,44,45,45,423685,423686,0,3000,4000,1,0.035307083333333336
20260430_113818.jpg,test,33,33,33,213866,213866,0,3000,4000,0,0.017822166666666667
20260430_113824.jpg,test,40,40,40,237069,237069,0,3000,4000,0,0.01975575
20260430_113830.jpg,train,78,78,78,406054,406054,0,3000,4000,0,0.03383783333333333
20260430_113836.jpg,train,30,30,30,177318,177318,0,3000,4000,0,0.0147765
20260430_113842.jpg,val,4,4,4,160236,160248,0,3000,4000,0,0.013353
20260430_113846.jpg,train,11,11,11,237286,237286,0,3000,4000,0,0.019773833333333334
20260430_113849.jpg,train,23,23,23,414340,414340,0,3000,4000,0,0.034528333333333334
20260430_113855.jpg,train,12,12,12,213095,213096,0,3000,4000,0,0.01775791666666667
20260430_113902.jpg,train,9,9,9,262338,262338,0,3000,4000,0,0.0218615
20260430_113919.jpg,test,92,92,92,524999,525010,0,3000,4000,0,0.043749916666666666
20260430_113927.jpg,val,29,29,29,188327,188327,0,3000,4000,0,0.015693916666666665
20260430_113931.jpg,train,16,16,16,253105,253105,0,3000,4000,0,0.021092083333333334
20260430_113937.jpg,train,11,11,11,303090,303091,0,3000,4000,0,0.0252575
20260430_113945.jpg,train,85,85,85,321550,321552,0,3000,4000,0,0.026795833333333335
20260430_114008.jpg,test,34,35,35,337886,337888,0,3000,4000,1,0.028157166666666667
20260430_114013.jpg,train,8,8,8,84344,84344,0,3000,4000,0,0.007028666666666667
20260430_114028.jpg,train,40,40,40,507814,507819,0,3000,4000,0,0.04231783333333333
20260430_114048.jpg,train,24,24,24,202185,202185,0,3000,4000,0,0.01684875
20260430_114051.jpg,test,26,26,26,276199,276209,0,3000,4000,0,0.023016583333333333
20260430_114058.jpg,val,47,47,47,256925,256926,0,3000,4000,0,0.021410416666666668
20260430_114103.jpg,train,84,84,84,472480,472485,0,3000,4000,0,0.03937333333333334
20260430_114106.jpg,train,12,12,12,162969,162969,0,3000,4000,0,0.01358075
20260430_114113.jpg,train,34,34,33,532927,538245,5318,3000,4000,0,0.04441058333333334
20260430_114124.jpg,test,80,80,80,1224358,1224366,0,3000,4000,0,0.10202983333333333
20260430_114129.jpg,test,21,21,21,461893,461893,0,3000,4000,0,0.038491083333333335
20260430_114143.jpg,train,35,36,36,401958,401960,0,3000,4000,1,0.0334965
20260430_114149.jpg,train,80,80,80,970692,970701,0,3000,4000,0,0.080891
20260430_114200.jpg,train,38,41,41,287833,287834,0,3000,4000,3,0.023986083333333335
20260430_114206.jpg,train,11,11,11,390200,390203,0,3000,4000,0,0.032516666666666666
20260430_114222.jpg,val,69,70,70,470386,470386,0,3000,4000,1,0.039198833333333336
20260430_114230.jpg,train,29,29,29,623955,623958,0,3000,4000,0,0.05199625
20260430_114235.jpg,train,10,10,10,202304,202304,0,3000,4000,0,0.016858666666666668
20260430_114240.jpg,train,19,19,19,513469,513469,0,3000,4000,0,0.04278908333333333
20260430_114245.jpg,val,43,44,44,787705,787706,0,3000,4000,1,0.06564208333333334
20260430_114252.jpg,train,32,32,32,404024,404036,0,3000,4000,0,0.033668666666666666
20260430_114258.jpg,val,4,4,4,128529,128529,0,3000,4000,0,0.01071075
20260430_114304.jpg,val,13,13,13,324368,324368,0,3000,4000,0,0.027030666666666668
20260430_114320.jpg,train,5,5,5,80137,80137,0,3000,4000,0,0.006678083333333334
20260430_114324.jpg,train,21,21,21,402258,402259,0,3000,4000,0,0.0335215
20260430_114329.jpg,train,6,6,6,200657,200657,0,3000,4000,0,0.016721416666666666
20260430_114333.jpg,train,32,32,32,507148,507148,0,3000,4000,0,0.04226233333333333
20260430_114341.jpg,test,34,34,34,441402,441405,0,3000,4000,0,0.0367835
20260430_114350.jpg,val,24,24,24,352321,352321,0,3000,4000,0,0.029360083333333332
20260430_114354.jpg,train,18,18,18,155430,155430,0,3000,4000,0,0.0129525
20260430_114406.jpg,train,10,10,10,270889,270893,0,3000,4000,0,0.022574083333333335
20260430_114412.jpg,train,8,8,8,167740,167740,0,3000,4000,0,0.013978333333333334
20260430_114426.jpg,train,55,56,56,932406,932413,0,3000,4000,1,0.0777005
20260430_114431.jpg,train,26,26,26,486410,486416,0,3000,4000,0,0.04053416666666667
20260430_114436.jpg,train,29,29,29,634886,634892,0,3000,4000,0,0.052907166666666665
20260430_114443.jpg,train,36,36,36,238934,238932,0,3000,4000,0,0.019911166666666667
20260430_114450.jpg,train,62,62,62,309694,309693,0,3000,4000,0,0.025807833333333332
20260430_114500.jpg,train,19,19,19,336738,336737,0,3000,4000,0,0.0280615
20260430_114504.jpg,train,23,23,23,143066,143076,0,3000,4000,0,0.011922166666666666
20260430_114511.jpg,train,8,8,8,351845,351845,0,3000,4000,0,0.029320416666666668
20260430_114514.jpg,train,18,18,18,268454,268454,0,3000,4000,0,0.022371166666666668
20260430_114516.jpg,test,29,29,29,491670,491678,0,3000,4000,0,0.0409725
20260430_114527.jpg,test,23,23,23,393879,393881,0,3000,4000,0,0.03282325
20260430_114534.jpg,val,29,29,29,375133,375141,0,3000,4000,0,0.031261083333333335
20260430_114540.jpg,train,6,6,6,173336,173336,0,3000,4000,0,0.014444666666666666
20260430_114546.jpg,test,140,125,125,220181,220182,0,3000,4000,15,0.018348416666666666
20260430_114601.jpg,test,41,41,41,262755,262755,0,3000,4000,0,0.02189625
20260430_114650.jpg,test,19,19,19,100297,100297,0,3000,4000,0,0.008358083333333334
20260430_114700.jpg,val,142,140,140,519786,519793,0,3000,4000,2,0.0433155
20260430_114706.jpg,train,47,47,47,570341,582402,10953,3000,4000,0,0.04752841666666666
20260430_114715.jpg,train,35,36,36,584119,584119,0,3000,4000,1,0.048676583333333336
20260430_114725.jpg,train,14,14,14,160049,160051,0,3000,4000,0,0.013337416666666666
20260430_114743.jpg,train,52,53,53,596598,596598,0,3000,4000,1,0.0497165
20260430_114747.jpg,train,59,59,59,462860,462860,0,3000,4000,0,0.038571666666666664
20260430_114753.jpg,train,49,49,49,511092,511094,0,3000,4000,0,0.042591
20260430_114800.jpg,val,30,31,31,460737,460737,0,3000,4000,1,0.03839475
20260430_114815.jpg,train,51,51,51,914341,914348,0,3000,4000,0,0.07619508333333333
20260430_114825.jpg,val,46,46,46,240602,240611,0,3000,4000,0,0.020050166666666668
20260430_114834.jpg,train,35,35,35,460807,460809,0,3000,4000,0,0.038400583333333335
20260430_114838.jpg,train,28,28,28,176706,176706,0,3000,4000,0,0.0147255
20260430_114848.jpg,train,13,13,13,263492,263492,0,3000,4000,0,0.021957666666666667
20260430_114854.jpg,train,52,52,52,543649,543682,0,3000,4000,0,0.045304083333333335
20260430_114900.jpg,val,48,49,49,792119,792128,0,3000,4000,1,0.06600991666666667
20260430_114912.jpg,train,81,82,82,355609,355613,0,3000,4000,1,0.02963408333333333
20260430_114921.jpg,val,26,26,26,251866,251866,0,3000,4000,0,0.020988833333333335
20260430_114927.jpg,train,13,14,14,303560,303560,0,3000,4000,1,0.025296666666666665
20260430_114931.jpg,val,14,14,14,308776,308778,0,3000,4000,0,0.025731333333333332
20260430_114942.jpg,train,31,31,31,947132,947134,0,3000,4000,0,0.07892766666666666
20260430_114945.jpg,val,12,12,12,403878,403882,0,3000,4000,0,0.0336565
20260430_114950.jpg,val,21,21,21,472043,472050,0,3000,4000,0,0.039336916666666666
20260430_114959.jpg,train,28,29,29,579090,579106,0,3000,4000,1,0.0482575
20260430_115007.jpg,train,32,32,32,805233,805233,0,3000,4000,0,0.06710275
20260430_115015.jpg,test,12,12,12,135417,135417,0,3000,4000,0,0.01128475
20260430_115039.jpg,test,2,2,2,71883,71883,0,3000,4000,0,0.00599025
20260430_115043.jpg,train,28,27,27,205533,205533,0,3000,4000,1,0.01712775
20260430_115047.jpg,train,24,24,24,389453,389453,0,3000,4000,0,0.032454416666666666
20260430_115054.jpg,val,30,29,29,331083,331072,0,3000,4000,1,0.02759025
20260430_115106.jpg,train,25,25,25,464391,464396,0,3000,4000,0,0.03869925
20260430_115112.jpg,train,32,31,31,786115,786136,0,3000,4000,1,0.06550958333333333
20260430_115116.jpg,train,18,18,18,331216,331221,0,3000,4000,0,0.027601333333333332
20260430_115120.jpg,train,26,24,24,752564,752723,0,3000,4000,2,0.06271366666666667
20260430_115131.jpg,train,43,44,44,1196062,1196073,0,3000,4000,1,0.09967183333333333
20260430_115135.jpg,train,40,38,38,663565,663568,0,3000,4000,2,0.05529708333333333
20260430_115139.jpg,train,7,7,7,175381,175381,0,3000,4000,0,0.014615083333333334
20260430_115150.jpg,train,29,29,29,1906539,1906542,0,3000,4000,0,0.15887825
20260430_115157.jpg,train,16,16,16,1556799,1556799,0,3000,4000,0,0.12973325
20260430_115207.jpg,train,16,16,16,362210,362221,0,3000,4000,0,0.030184166666666668
20260430_115218.jpg,val,57,57,57,306157,306154,0,3000,4000,0,0.025513083333333332
20260430_115223.jpg,test,25,25,25,468083,468100,0,3000,4000,0,0.03900691666666667
20260430_115228.jpg,train,23,23,23,197791,197791,0,3000,4000,0,0.01648258333333333
20260430_115234.jpg,val,11,11,11,164066,164066,0,3000,4000,0,0.013672166666666666
20260430_115237.jpg,val,6,6,6,196183,196183,0,3000,4000,0,0.016348583333333333
20260430_115246.jpg,train,49,49,49,475037,475040,0,3000,4000,0,0.039586416666666666
20260430_115304.jpg,val,30,30,30,411247,411248,0,3000,4000,0,0.03427058333333333
20260430_115310.jpg,test,28,28,28,371546,371546,0,3000,4000,0,0.030962166666666666
20260430_115320.jpg,train,27,28,28,401067,401067,0,3000,4000,1,0.03342225
20260430_115330.jpg,train,20,20,20,332342,332342,0,3000,4000,0,0.027695166666666667
20260430_115340.jpg,train,18,19,19,883417,883418,0,3000,4000,1,0.07361808333333333
20260430_115346.jpg,train,40,41,41,917980,917982,0,3000,4000,1,0.07649833333333333
20260430_115351.jpg,test,18,18,18,495718,495718,0,3000,4000,0,0.04130983333333333
20260430_115358.jpg,val,6,6,6,196577,196578,0,3000,4000,0,0.016381416666666666
20260430_115429.jpg,train,106,107,107,364644,364671,0,3000,4000,1,0.030387
20260430_115440.jpg,val,19,20,20,310698,310698,0,3000,4000,1,0.0258915
20260430_115505.jpg,train,27,28,28,358051,358053,0,3000,4000,1,0.029837583333333334
20260430_115510.jpg,train,46,46,46,425859,425862,0,3000,4000,0,0.03548825
20260430_115512.jpg,train,28,28,28,296393,296391,0,3000,4000,0,0.024699416666666668
20260430_115520.jpg,train,21,21,21,721242,721244,0,3000,4000,0,0.0601035
20260430_115525.jpg,train,11,11,11,177377,177377,0,3000,4000,0,0.014781416666666667
